{"song_name":{"1":"Taylor_Swift_-_Better_Man_Taylors_Version.mp3"},"tempo":{"1":143.5546875},"total_beats":{"1":184884},"average_beats":{"1":1320.6},"chroma_stft_mean":{"1":0.2838511765},"chroma_stft_std":{"1":0.29758057},"chroma_stft_var":{"1":0.0885542035},"chroma_cq_mean":{"1":0.3422484398},"chroma_cq_std":{"1":0.2834259272},"chroma_cq_var":{"1":0.0803302526},"chroma_cens_mean":{"1":0.2158662677},"chroma_cens_std":{"1":0.1916639805},"chroma_cens_var":{"1":0.0367350802},"melspectrogram_mean":{"1":1.1843926907},"melspectrogram_std":{"1":9.1221294403},"melspectrogram_var":{"1":83.2132415771},"mfcc_mean":{"1":-8.3851137161},"mfcc_std":{"1":59.236366272},"mfcc_var":{"1":3508.947265625},"mfcc_delta_mean":{"1":0.0136123402},"mfcc_delta_std":{"1":2.7194335461},"mfcc_delta_var":{"1":7.3953185081},"rmse_mean":{"1":0.0654129162},"rmse_std":{"1":0.0335124843},"rmse_var":{"1":0.0011230867},"cent_mean":{"1":2274.323904315},"cent_std":{"1":1114.4544539025},"cent_var":{"1":1242008.7298231702},"spec_bw_mean":{"1":2541.4625813687},"spec_bw_std":{"1":699.8681858038},"spec_bw_var":{"1":489815.4775002885},"contrast_mean":{"1":22.079899666},"contrast_std":{"1":6.5112224124},"contrast_var":{"1":42.3960173037},"rolloff_mean":{"1":4990.6989885927},"rolloff_std":{"1":2560.7541110236},"rolloff_var":{"1":6557461.6171241049},"poly_mean":{"1":0.668338654},"poly_std":{"1":0.8536113701},"poly_var":{"1":0.7286523712},"tonnetz_mean":{"1":-0.0063743146},"tonnetz_std":{"1":0.18293145},"tonnetz_var":{"1":0.0334639154},"zcr_mean":{"1":0.0868426344},"zcr_std":{"1":0.0737858372},"zcr_var":{"1":0.0054443498},"harm_mean":{"1":-0.0000166961},"harm_std":{"1":0.0635610744},"harm_var":{"1":0.0040400098},"perc_mean":{"1":0.0000072234},"perc_std":{"1":0.0229348857},"perc_var":{"1":0.000526009},"frame_mean":{"1":5.0921360544},"frame_std":{"1":1.7145401305},"frame_var":{"1":2.9396478592}}