{"song_name":{"1":"beat_.mp3","2":"Taylor_Swift_-_Better_Man_Taylors_Version.mp3"},"tempo":{"1":135.9991776316,"2":143.5546875},"total_beats":{"1":174005,"2":184884},"average_beats":{"1":1288.9259259259,"2":1320.6},"chroma_stft_mean":{"1":0.3531690538,"2":0.2838511765},"chroma_stft_std":{"1":0.3021565974,"2":0.29758057},"chroma_stft_var":{"1":0.0912986174,"2":0.0885542035},"chroma_cq_mean":{"1":0.4080031812,"2":0.3422484398},"chroma_cq_std":{"1":0.2737804651,"2":0.2834259272},"chroma_cq_var":{"1":0.0749557465,"2":0.0803302526},"chroma_cens_mean":{"1":0.2435386479,"2":0.2158662677},"chroma_cens_std":{"1":0.1549911648,"2":0.1916639805},"chroma_cens_var":{"1":0.0240222607,"2":0.0367350802},"melspectrogram_mean":{"1":11.3897924423,"2":1.1843926907},"melspectrogram_std":{"1":81.3209838867,"2":9.1221294403},"melspectrogram_var":{"1":6613.1030273438,"2":83.2132415771},"mfcc_mean":{"1":-1.4405859709,"2":-8.3851137161},"mfcc_std":{"1":40.6074180603,"2":59.236366272},"mfcc_var":{"1":1648.9625244141,"2":3508.947265625},"mfcc_delta_mean":{"1":0.0120392274,"2":0.0136123421},"mfcc_delta_std":{"1":3.8055393696,"2":2.7194335461},"mfcc_delta_var":{"1":14.4821300507,"2":7.3953185081},"rmse_mean":{"1":0.2119523585,"2":0.0654129162},"rmse_std":{"1":0.0878434479,"2":0.0335124843},"rmse_var":{"1":0.0077164713,"2":0.0011230867},"cent_mean":{"1":2587.9416629422,"2":2274.323904315},"cent_std":{"1":1263.155399837,"2":1114.4544539025},"cent_var":{"1":1595561.5641373813,"2":1242008.7298231702},"spec_bw_mean":{"1":2564.1461328081,"2":2541.4625813687},"spec_bw_std":{"1":825.3297246992,"2":699.8681858038},"spec_bw_var":{"1":681169.1544720632,"2":489815.4775002885},"contrast_mean":{"1":21.1144554387,"2":22.079899666},"contrast_std":{"1":6.8590166877,"2":6.5112224124},"contrast_var":{"1":47.0461099216,"2":42.3960173037},"rolloff_mean":{"1":5576.7912779061,"2":4990.6989885927},"rolloff_std":{"1":2516.2775431581,"2":2560.7541110236},"rolloff_var":{"1":6331652.674201848,"2":6557461.6171241049},"poly_mean":{"1":2.4688687996,"2":0.668338654},"poly_std":{"1":3.1480234468,"2":0.8536113701},"poly_var":{"1":9.9100516216,"2":0.7286523712},"tonnetz_mean":{"1":0.0433402655,"2":-0.0063743146},"tonnetz_std":{"1":0.1257591471,"2":0.18293145},"tonnetz_var":{"1":0.0158153631,"2":0.0334639154},"zcr_mean":{"1":0.1082446213,"2":0.0868426344},"zcr_std":{"1":0.0797378358,"2":0.0737858372},"zcr_var":{"1":0.0063581225,"2":0.0054443498},"harm_mean":{"1":-0.0000055752,"2":-0.0000166961},"harm_std":{"1":0.1581809074,"2":0.0635610744},"harm_var":{"1":0.0250211991,"2":0.0040400098},"perc_mean":{"1":-0.0002317638,"2":0.0000072234},"perc_std":{"1":0.1169330999,"2":0.0229348857},"perc_var":{"1":0.0136733502,"2":0.000526009},"frame_mean":{"1":2.4334512472,"2":5.0921360544},"frame_std":{"1":1.3320970459,"2":1.7145401305},"frame_var":{"1":1.7744825398,"2":2.9396478592}}