{"song_name":{"1":"Taylor_Swift_-_Dont_Blame_Me.mp3"},"tempo":{"1":67.9995888158},"total_beats":{"1":82314},"average_beats":{"1":1306.5714285714},"chroma_stft_mean":{"1":0.3709660352},"chroma_stft_std":{"1":0.3030352114},"chroma_stft_var":{"1":0.0918303393},"chroma_cq_mean":{"1":0.3490443562},"chroma_cq_std":{"1":0.2963225387},"chroma_cq_var":{"1":0.0878070469},"chroma_cens_mean":{"1":0.2138481973},"chroma_cens_std":{"1":0.1939130781},"chroma_cens_var":{"1":0.0376022819},"melspectrogram_mean":{"1":7.4960813905},"melspectrogram_std":{"1":58.8940272405},"melspectrogram_var":{"1":3468.5064446056},"mfcc_mean":{"1":-2.2869289693},"mfcc_std":{"1":54.3006505199},"mfcc_var":{"1":2948.5606468854},"mfcc_delta_mean":{"1":0.0041594121},"mfcc_delta_std":{"1":3.4100499118},"mfcc_delta_var":{"1":11.6284404006},"rmse_mean":{"1":0.1578745842},"rmse_std":{"1":0.0864176452},"rmse_var":{"1":0.0074680094},"cent_mean":{"1":1801.9551057563},"cent_std":{"1":1052.7556592415},"cent_var":{"1":1108294.4780649459},"spec_bw_mean":{"1":2145.829255498},"spec_bw_std":{"1":730.6284100642},"spec_bw_var":{"1":533817.8735929989},"contrast_mean":{"1":22.9311657125},"contrast_std":{"1":7.5823840885},"contrast_var":{"1":57.4925484655},"rolloff_mean":{"1":3717.0816899822},"rolloff_std":{"1":2220.659655589},"rolloff_var":{"1":4931329.3059605695},"poly_mean":{"1":1.5152736835},"poly_std":{"1":1.9668886275},"poly_var":{"1":3.8686508729},"tonnetz_mean":{"1":0.0014478078},"tonnetz_std":{"1":0.1106717311},"tonnetz_var":{"1":0.0122482321},"zcr_mean":{"1":0.0682121726},"zcr_std":{"1":0.0646531046},"zcr_var":{"1":0.0041800239},"harm_mean":{"1":0.000001649},"harm_std":{"1":0.1477029622},"harm_var":{"1":0.0218161661},"perc_mean":{"1":0.0000992286},"perc_std":{"1":0.0604561009},"perc_var":{"1":0.0036549401},"frame_mean":{"1":5.9605623583},"frame_std":{"1":2.6972663528},"frame_var":{"1":7.2752457781}}