{"song_name":{"1":"1-02_Feat._Okasian__Dok2.mp3","2":"1-01_Nike_Shoes_Feat._Dynamic_Duo.mp3","3":"C5_Tuning_Pitch_52325_Hz_Midi_getmp3.pro.mp3","4":"1-09_Bonus_Track_Always_Awake.mp3"},"tempo":{"1":107.666015625,"2":92.28515625,"3":0.0,"4":198.7680288462},"total_beats":{"1":134887,"2":107128,"3":0,"4":261399},"average_beats":{"1":1284.6380952381,"2":1217.3636363636,"3":null,"4":1287.6798029557},"chroma_stft_mean":{"1":0.4792405367,"2":0.4213892519,"3":0.1143416017,"4":0.3789836168},"chroma_stft_std":{"1":0.2985590994,"2":0.3059946895,"3":0.2758111954,"4":0.3049547374},"chroma_stft_var":{"1":0.0891375318,"2":0.0936327577,"3":0.0760718212,"4":0.0929973871},"chroma_cq_mean":{"1":0.5872370601,"2":0.5169262886,"3":0.0845635012,"4":0.4943629205},"chroma_cq_std":{"1":0.2393660843,"2":0.2604691386,"3":0.2760551274,"4":0.2755907476},"chroma_cq_var":{"1":0.0572961196,"2":0.0678441674,"3":0.0762064382,"4":0.0759502649},"chroma_cens_mean":{"1":0.2673496306,"2":0.2626355886,"3":0.0834585577,"4":0.2505951822},"chroma_cens_std":{"1":0.1088921279,"2":0.1198160201,"3":0.2763476074,"4":0.1433017701},"chroma_cens_var":{"1":0.0118574947,"2":0.0143558783,"3":0.0763679966,"4":0.0205353983},"melspectrogram_mean":{"1":24.3422317505,"2":19.3673496246,"3":29.6254291534,"4":21.4299106598},"melspectrogram_std":{"1":181.4775543213,"2":125.5491104126,"3":255.0672912598,"4":170.8501586914},"melspectrogram_var":{"1":32934.1015625,"2":15762.5791015625,"3":65059.32421875,"4":29189.77734375},"mfcc_mean":{"1":5.6177053452,"2":3.8310377598,"3":-24.9225940704,"4":1.5968446732},"mfcc_std":{"1":35.1850585938,"2":44.8056144714,"3":107.686164856,"4":39.499912262},"mfcc_var":{"1":1237.98828125,"2":2007.5432128906,"3":11596.310546875,"4":1560.2430419922},"mfcc_delta_mean":{"1":0.0153950136,"2":0.0185588617,"3":0.0028414943,"4":0.0114915827},"mfcc_delta_std":{"1":4.0843343735,"2":5.181435585,"3":0.321505636,"4":3.2190682888},"mfcc_delta_var":{"1":16.6817855835,"2":26.8472766876,"3":0.1033658683,"4":10.3624010086},"rmse_mean":{"1":0.3087251782,"2":0.2723372281,"3":0.3517447114,"4":0.2743272185},"rmse_std":{"1":0.1092803255,"2":0.1020812839,"3":0.025257241,"4":0.1348747611},"rmse_var":{"1":0.0119421892,"2":0.0104205878,"3":0.0006379283,"4":0.0181912016},"cent_mean":{"1":2234.4485473231,"2":1784.7693698547,"3":527.4569601,"4":2009.4627409321},"cent_std":{"1":1065.2058364544,"2":987.5538421025,"3":15.61670508,"4":795.323178453},"cent_var":{"1":1134663.4740165859,"2":975262.5910514154,"3":243.8814775568,"4":632538.9581846239},"spec_bw_mean":{"1":2695.4429219059,"2":2213.6688347708,"3":150.5035772696,"4":2378.7980032263},"spec_bw_std":{"1":547.8482631423,"2":721.2813358128,"3":50.1923620009,"4":641.0027967129},"spec_bw_var":{"1":300137.7194280351,"2":520246.7653918414,"3":2519.2732032284,"4":410884.5853937292},"contrast_mean":{"1":19.6295073782,"2":20.1123697805,"3":22.3609709965,"4":19.9994303179},"contrast_std":{"1":6.1422270293,"2":6.8736886064,"3":11.1606803856,"4":6.7113622671},"contrast_var":{"1":37.7269528798,"2":47.2475950571,"3":124.5607866685,"4":45.0423834801},"rolloff_mean":{"1":5108.1566116758,"2":3735.3357462691,"3":528.0301404073,"4":4410.3233313782},"rolloff_std":{"1":2262.0194597096,"2":2403.4808822321,"3":21.4174191118,"4":2140.3632442077},"rolloff_var":{"1":5116732.0361050125,"2":5776720.3512551449,"3":458.7058414092,"4":4581154.8171551879},"poly_mean":{"1":3.133231337,"2":2.9221169149,"3":0.9781232176,"4":3.2280182397},"poly_std":{"1":3.6305534891,"2":3.6932477337,"3":0.9835638773,"4":4.0849711203},"poly_var":{"1":13.1809186375,"2":13.6400788222,"3":0.9673979008,"4":16.686989054},"tonnetz_mean":{"1":0.0068605073,"2":-0.0244493738,"3":0.4091794101,"4":0.0175682979},"tonnetz_std":{"1":0.0582591072,"2":0.0848155135,"3":0.4415591728,"4":0.1294443479},"tonnetz_var":{"1":0.0033941236,"2":0.0071936713,"3":0.194974503,"4":0.0167558392},"zcr_mean":{"1":0.0746371148,"2":0.0638384273,"3":0.0474347094,"4":0.0837534618},"zcr_std":{"1":0.0652323682,"2":0.0483968082,"3":0.0006065,"4":0.0480391344},"zcr_var":{"1":0.0042552619,"2":0.002342251,"3":0.0000003678,"4":0.0023077584},"harm_mean":{"1":0.0000065129,"2":-0.0000188619,"3":-0.0000017845,"4":0.0000156254},"harm_std":{"1":0.1995838434,"2":0.2017211765,"3":0.3526913822,"4":0.1966145188},"harm_var":{"1":0.0398337096,"2":0.0406914353,"3":0.1243912056,"4":0.0386572666},"perc_mean":{"1":-0.0004918417,"2":-0.0000037352,"3":-0.0000010634,"4":-0.0000440239},"perc_std":{"1":0.1705212295,"2":0.1565844417,"3":0.0009667738,"4":0.1561040133},"perc_var":{"1":0.0290774908,"2":0.0245186891,"3":0.0000009347,"4":0.0243684649},"frame_mean":{"1":3.5143401361,"2":2.7457596372,"3":1.1760907029,"4":5.779446712},"frame_std":{"1":1.9647742003,"2":1.5043748798,"3":0.7129046049,"4":3.2771978019},"frame_var":{"1":3.860337658,"2":2.263143779,"3":0.5082329757,"4":10.7400254325}}